index,created_at,pub_time,msg_id,text,text_length,source,favorited,reposts_count,comments_count,attitudes_count,pending_approval_count,isLongText,content_auth,user_id,screen_name,gender,statuses_count,verified,verified_type,follow_count,followers_count,description,cleaned_text,words,sentiment,sentiment_probability
1,2022-02-27 15:49:21,Sun Feb 27 15:49:21 +0800 2022,4.74151E+15,#俄乌之战会改变国际格局吗#？当地时间26日，美国和欧盟、英国及加拿大等发表联合声明，宣布禁止俄罗斯的几家主要银行使用环球银行金融电信协会(SWIFT)国际结算系统，作为针对俄罗斯的最新制裁手段。什么是“SWIFT”，这一制裁有何影响？俄乌战争又会对国际政治经济产生怎样的影响？ ...全文,,微博 weibo.com,FALSE,124.0,129,508.0,0.0,TRUE,0,2318910945,新浪新闻客户端,m,92882.0,TRUE,3.0,417.0,4921.4万,只想做一只人见人爱的客户端,当地时间26日美国和欧盟英国及加拿大等发表联合声明宣布禁止俄罗斯的几家主要银行使用环球银行金融电信协会SWIFT国际结算系统作为针对俄罗斯的最新制裁手段什么是SWIFT这一制裁有何影响俄乌战争又会对国际政治经济产生怎样的影响 全文,"['当地', '时间', '26', '日', '美国', '和', '欧盟', '英国', '及', '加拿大', '等', '发表', '联合声明', '宣布', '禁止', '俄罗斯', '的', '几家', '主要', '银行', '使用', '环球', '银行', '金融', '电信', '协会', 'SWIFT', '国际', '结算', '系统', '作为', '针对', '俄罗斯', '的', '最新', '制裁', '手段', '什么', '是', 'SWIFT', '这一', '制裁', '有何', '影响', '俄乌', '战争', '又', '会', '对', '国际', '政治经济', '产生', '怎样', '的', '影响', '全文']",1,0.5895741
2,2022-02-27 15:33:11,Sun Feb 27 15:33:11 +0800 2022,4.74151E+15,#将俄罗斯踢出SWIFT对全球各方有何影响#官方约稿，美欧Swift剔除俄罗斯的影响，对资本市场的影响（上）：分（上、中、下）三篇来跟大家说清楚。一、对于俄罗斯来讲是核弹级别的影响，彻底把俄罗斯的能源交易也都卡死了。 1、这才是美国人想要的！这样俄罗斯人就卖不了原油了，因为你卖了 ...全文,,HUAWEI P40 Pro+ 5G,FALSE,65.0,88,700.0,0.0,TRUE,0,2014878391,武汉刘正涛,m,91419.0,TRUE,0.0,1694.0,326.4万,知名操盘专家、微博财经十大影响力博主；投资视频教学第一名博； 公.众.号搜索“武汉刘正涛投资”，欢迎关注。,官方约稿美欧Swift剔除俄罗斯的影响对资本市场的影响上分上中下三篇来跟大家说清楚一对于俄罗斯来讲是核弹级别的影响彻底把俄罗斯的能源交易也都卡死了 1这才是美国人想要的这样俄罗斯人就卖不了原油了因为你卖了 全文,"['官方', '约稿', '美欧', 'Swift', '剔除', '俄罗斯', '的', '影响', '对', '资本', '市场', '的', '影响', '上分', '上中下', '三篇', '来', '跟', '大家', '说', '清楚', '一', '对于', '俄罗斯', '来讲', '是', '核弹', '级别', '的', '影响', '彻底', '把', '俄罗斯', '的', '能源', '交易', '也', '都', '卡死', '了', '1', '这才', '是', '美国', '人', '想要', '的', '这样', '俄罗斯', '人', '就', '卖', '不了', '原油', '了', '因为', '你', '卖', '了', '全文']",1,0.60840976
3,2022-02-27 02:42:08,Sun Feb 27 02:42:08 +0800 2022,4.74131E+15,突发：乌克兰外交部长表示，塞浦路斯改变主意，将不会阻止把俄罗斯踢出SWIFT 的决定。这个差不多最后一个欧洲国家阻力没了。#swift# 明天早上拜登很可能宣布把俄罗斯踢出swift，俄罗斯会变成大号朝鲜。 正式预告的微博视频 ,,微博视频号,FALSE,13.0,58,227.0,0.0,FALSE,0,2110587294,正式预告,m,10158.0,TRUE,0.0,33.0,6.6万,网络时事资讯之典范 最具特色的自媒体核心代表,突发乌克兰外交部长表示塞浦路斯改变主意将不会阻止把俄罗斯踢出SWIFT 的决定这个差不多最后一个欧洲国家阻力没了 明天早上拜登很可能宣布把俄罗斯踢出swift俄罗斯会变成大号朝鲜 正式预告的微博视频,"['突发', '乌克兰', '外交部长', '表示', '塞浦路斯', '改变', '主意', '将', '不会', '阻止', '把', '俄罗斯', '踢', '出', 'SWIFT', '的', '决定', '这个', '差不多', '最后', '一个', '欧洲', '国家', '阻力', '没', '了', '明天', '早上', '拜登', '很', '可能', '宣布', '把', '俄罗斯', '踢', '出', 'swift', '俄罗斯', '会', '变成', '大', '号', '朝鲜', '正式', '预告', '的', '微博', '视频']",1,0.5726147
4,2022-02-27 17:50:01,Sun Feb 27 17:50:01 +0800 2022,4.74154E+15,【#专家称金融核弹SWIFT威力或不波及俄罗斯天然气# 专家：欧盟或仍保持从俄罗斯购买天然气的支付渠道】复旦大学金融研究院研究员董希淼表示，值得注意的是，此次美欧宣布的制裁只是将俄罗斯几家，而不是全部的金融机构踢出SWIFT系统，这可能意味着欧盟仍然保持了从俄罗斯购买天然气的支付渠道。众所周 ...全文,,微博视频号,FALSE,16.0,20,84.0,13.0,TRUE,0,2258727970,央视财经,m,108758.0,TRUE,3.0,430.0,3770.1万,价值触手可及,专家欧盟或仍保持从俄罗斯购买天然气的支付渠道复旦大学金融研究院研究员董希淼表示值得注意的是此次美欧宣布的制裁只是将俄罗斯几家而不是全部的金融机构踢出SWIFT系统这可能意味着欧盟仍然保持了从俄罗斯购买天然气的支付渠道众所周 全文,"['专家', '欧盟', '或', '仍', '保持', '从', '俄罗斯', '购买', '天然气', '的', '支付', '渠道', '复旦大学', '金融', '研究院', '研究员', '董希淼', '表示', '值得注意', '的', '是', '此次', '美欧', '宣布', '的', '制裁', '只是', '将', '俄罗斯', '几家', '而', '不是', '全部', '的', '金融机构', '踢', '出', 'SWIFT', '系统', '这', '可能', '意味着', '欧盟', '仍然', '保持', '了', '从', '俄罗斯', '购买', '天然气', '的', '支付', '渠道', '众所周', '全文']",1,0.516454
5,2022-02-27 23:51:28,Sun Feb 27 23:51:28 +0800 2022,4.74163E+15,观察人士认为：普京和俄罗斯败局已定。SWIFT剔除俄罗斯的“金融核打击”效果立现，普京被迫孤注一掷，直接怼上核威慑和身家性命，这足以证明他无计可施，无法接受失败的事实；他图谋乌克兰去军事化、泽连斯基政府垮台和扶持亲俄政权，三大目标全部泡汤。俄罗斯气数已尽，面临再次解体。冲突各方只剩一 ...全文,,iPhone客户端,FALSE,1.0,0,0.0,0.0,TRUE,0,7607760783,赳赳胡祥,m,689.0,FALSE,-1.0,128.0,960,作者一枚。胡赳赳又双叒来也。,观察人士认为普京和俄罗斯败局已定SWIFT剔除俄罗斯的金融核打击效果立现普京被迫孤注一掷直接怼上核威慑和身家性命这足以证明他无计可施无法接受失败的事实他图谋乌克兰去军事化泽连斯基政府垮台和扶持亲俄政权三大目标全部泡汤俄罗斯气数已尽面临再次解体冲突各方只剩一 全文,"['观察', '人士', '认为', '普京', '和', '俄罗斯', '败局', '已定', 'SWIFT', '剔除', '俄罗斯', '的', '金融', '核打击', '效果', '立现', '普京', '被迫', '孤注一掷', '直接', '怼', '上', '核威慑', '和', '身家性命', '这', '足以', '证明', '他', '无计可施', '无法', '接受', '失败', '的', '事实', '他', '图谋', '乌克兰', '去', '军事化', '泽', '连斯基', '政府', '垮台', '和', '扶持', '亲', '俄', '政权', '三大', '目标', '全部', '泡汤', '俄罗斯', '气数已尽', '面临', '再次', '解体', '冲突', '各方', '只', '剩一', '全文']",1,0.5239884
6,2022-02-27 23:45:35,Sun Feb 27 23:45:35 +0800 2022,4.74163E+15,中俄贸易将成功绕开美元和Swift结算系统，今日俄罗斯2月27日报道，俄罗斯多家银行已经接入中国跨境银行间支付系统CIPS，这表示中俄贸易将使用人民币进行交易。俄罗斯当然希望中国的银行也能加入俄罗斯的金融支付系统SPFS，如果中俄贸易同时使用这两套系统，人民币和卢布结算将加速，不仅可以解决俄 ...全文,,,FALSE,1.0,0,2.0,0.0,TRUE,0,1138842391,通渭赵安宁,m,78589.0,TRUE,0.0,921.0,1741,国家利益至上。,中俄贸易将成功绕开美元和Swift结算系统今日俄罗斯2月27日报道俄罗斯多家银行已经接入中国跨境银行间支付系统CIPS这表示中俄贸易将使用人民币进行交易俄罗斯当然希望中国的银行也能加入俄罗斯的金融支付系统SPFS如果中俄贸易同时使用这两套系统人民币和卢布结算将加速不仅可以解决俄 全文,"['中', '俄', '贸易', '将', '成功', '绕开', '美元', '和', 'Swift', '结算', '系统', '今日', '俄罗斯', '2', '月', '27', '日', '报道', '俄罗斯', '多家', '银行', '已经', '接入', '中国', '跨境', '银行', '间', '支付', '系统', 'CIPS', '这', '表示', '中', '俄', '贸易', '将', '使用', '人民币', '进行', '交易', '俄罗斯', '当然', '希望', '中国', '的', '银行', '也', '能', '加入', '俄罗斯', '的', '金融', '支付', '系统', 'SPFS', '如果', '中', '俄', '贸易', '同时', '使用', '这', '两套', '系统', '人民币', '和', '卢布', '结算', '将', '加速', '不仅', '可以', '解决', '俄', '全文']",0,0.45075634
7,2022-02-27 23:39:47,Sun Feb 27 23:39:47 +0800 2022,4.74163E+15,普京：俄罗斯战略威慑力量转入特殊战备状态。想起了多年前普京说的一句话，“如果俄罗斯没有了，还要世界何用？” /@机械金刚人:小马/@冠宸 :法国代表西方阵营率先使用了核武器攻击。——把俄罗斯从SWIFT国际支付体系中踢出去，制裁俄罗斯的王牌之一，法国财政将此称之为“金融核武器”。,,新版微博 weibo.com,FALSE,0.0,0,0.0,0.0,FALSE,0,1025058304,冠宸,m,21997.0,TRUE,0.0,367.0,4.3万,睫在眉前长不见，道非身外更何求。,普京俄罗斯战略威慑力量转入特殊战备状态想起了多年前普京说的一句话如果俄罗斯没有了还要世界何用 小马 法国代表西方阵营率先使用了核武器攻击把俄罗斯从SWIFT国际支付体系中踢出去制裁俄罗斯的王牌之一法国财政将此称之为金融核武器,"['普京', '俄罗斯', '战略', '威慑力量', '转入', '特殊', '战备', '状态', '想起', '了', '多年', '前', '普京', '说', '的', '一句', '话', '如果', '俄罗斯', '没有', '了', '还要', '世界', '何用', '小马', '法国', '代表', '西方', '阵营', '率先', '使用', '了', '核武器', '攻击', '把', '俄罗斯', '从', 'SWIFT', '国际', '支付', '体系', '中', '踢出去', '制裁', '俄罗斯', '的', '王牌', '之一', '法国', '财政', '将', '此', '称之为', '金融', '核武器']",0,0.49865845
8,2022-02-27 23:35:22,Sun Feb 27 23:35:22 +0800 2022,4.74163E+15,#美欧宣布禁止俄部分银行使用SWIFT#此次美英等国禁止俄罗斯使用SWIFT意味着对俄罗斯的制裁从政治、军事、经济领域蔓延到金融领域。 央视财经的微博视频 ,,微博视频号,FALSE,0.0,0,1.0,0.0,FALSE,0,1756595897,火星跑步者,m,162623.0,TRUE,0.0,4167.0,65.3万,​​​​不要忘记曾是怎样的小孩 也不要忘记曾希望变成怎样的大人💓,此次美英等国禁止俄罗斯使用SWIFT意味着对俄罗斯的制裁从政治军事经济领域蔓延到金融领域 央视财经的微博视频,"['此次', '美英', '等国', '禁止', '俄罗斯', '使用', 'SWIFT', '意味着', '对', '俄罗斯', '的', '制裁', '从', '政治', '军事', '经济', '领域', '蔓延到', '金融', '领域', '央视', '财经', '的', '微博', '视频']",1,0.56793267
9,2022-02-27 23:30:27,Sun Feb 27 23:30:27 +0800 2022,4.74163E+15,#量化对冲基金#投资管理公司Farr Miller &amp; Washton：对俄制裁冲击欧洲经济复苏公司创始人、CEO Michael Farr认为，市场不断寻找超预期，但如果这意味着国际贸易放缓，这可能是一个不容易消化的意外。将俄罗斯剔出SWIFT意味着欧美是认真的，此举将削弱俄罗斯在世界各地执行交易的能力，切断他们与大多 ...全文,,华为手机 畅享玩不停,FALSE,0.0,0,0.0,0.0,TRUE,0,1659280190,QuantHedgeFund,m,144163.0,TRUE,0.0,1598.0,5.5万,集团官网www.ncybank.com,投资管理公司Farr Miller amp Washton对俄制裁冲击欧洲经济复苏公司创始人CEO Michael Farr认为市场不断寻找超预期但如果这意味着国际贸易放缓这可能是一个不容易消化的意外将俄罗斯剔出SWIFT意味着欧美是认真的此举将削弱俄罗斯在世界各地执行交易的能力切断他们与大多 全文,"['投资', '管理', '公司', 'Farr', 'Miller', 'amp', 'Washton', '对', '俄', '制裁', '冲击', '欧洲', '经济', '复苏', '公司', '创始人', 'CEO', 'Michael', 'Farr', '认为', '市场', '不断', '寻找', '超', '预期', '但', '如果', '这', '意味着', '国际贸易', '放缓', '这', '可能', '是', '一个', '不', '容易', '消化', '的', '意外', '将', '俄罗斯', '剔出', 'SWIFT', '意味着', '欧美', '是', '认真', '的', '此举', '将', '削弱', '俄罗斯', '在', '世界各地', '执行', '交易', '的', '能力', '切断', '他们', '与', '大多', '全文']",0,0.47639918
10,2022-02-27 23:29:44,Sun Feb 27 23:29:44 +0800 2022,4.74163E+15,【SWIFT是啥？#金融核弹#威力多大？制裁对俄罗斯影响几何？】“金融核弹”来了！美国、欧盟、英国、加拿大等共同宣布用SWIFT来制裁俄罗斯。SWIFT，环球银行金融电信协会系统，它把全球的跨境支付交易结算变得方便，让全球贸易更加顺畅，从这次的制裁细节来看，“金融核弹”并没有对俄罗斯进行“无差别 ...全文,,微博视频号,FALSE,1.0,0,0.0,0.0,TRUE,0,1919999491,天府龙泉,m,67759.0,TRUE,1.0,629.0,42.8万,先进汽车智造区 美好生活品质城——敬请关注中共成都市龙泉驿区委宣传部官方微博 （违法有害信息投诉电话：028-84848848） 成都市互联网不良与违法信息举报中心http://www.cdjubao.gov.cn,SWIFT是啥威力多大制裁对俄罗斯影响几何金融核弹来了美国欧盟英国加拿大等共同宣布用SWIFT来制裁俄罗斯SWIFT环球银行金融电信协会系统它把全球的跨境支付交易结算变得方便让全球贸易更加顺畅从这次的制裁细节来看金融核弹并没有对俄罗斯进行无差别 全文,"['SWIFT', '是', '啥', '威力', '多大', '制裁', '对', '俄罗斯', '影响', '几何', '金融', '核弹', '来', '了', '美国', '欧盟', '英国', '加拿大', '等', '共同', '宣布', '用', 'SWIFT', '来', '制裁', '俄罗斯', 'SWIFT', '环球', '银行', '金融', '电信', '协会', '系统', '它', '把', '全球', '的', '跨境', '支付', '交易', '结算', '变得', '方便', '让', '全球', '贸易', '更加', '顺畅', '从', '这次', '的', '制裁', '细节', '来看', '金融', '核弹', '并', '没有', '对', '俄罗斯', '进行', '无差别', '全文']",1,0.5507902
11,2022-02-27 23:24:13,Sun Feb 27 23:24:13 +0800 2022,4.74163E+15,现在SWIFT系统踢出的只是俄罗斯少数几家银行，并不是所有银行，还可以用其它银行结算，不会也不可能把俄罗斯完全排除在市场外，没人想吃核弹。 ,,微博 weibo.com,FALSE,2.0,14,22.0,0.0,FALSE,0,2772800360,洱海弥,m,27610.0,TRUE,0.0,235.0,53.6万,全球视野 重仓中国,现在SWIFT系统踢出的只是俄罗斯少数几家银行并不是所有银行还可以用其它银行结算不会也不可能把俄罗斯完全排除在市场外没人想吃核弹,"['现在', 'SWIFT', '系统', '踢', '出', '的', '只是', '俄罗斯', '少数几家', '银行', '并', '不是', '所有', '银行', '还', '可以', '用', '其它', '银行', '结算', '不会', '也', '不', '可能', '把', '俄罗斯', '完全', '排除', '在', '市场', '外', '没人', '想', '吃', '核弹']",0,0.48013735
12,2022-02-27 23:24:13,Sun Feb 27 23:24:13 +0800 2022,4.74163E+15,说一下大盘和二级先说一下俄罗斯和乌克兰局势消息第一据新华社消息，美国白宫26日发表声明说，为应对俄罗斯在乌克兰境内采取军事行动，美国与欧盟委员会、德国、法国、英国、意大利、加拿大领导人决定将部分俄罗斯银行排除在环球银行金融电信协会（SWIFT）支付系统之外 这个逼迫俄罗斯短时间会寻求 ...全文,,nova5Pro人像超级夜景,FALSE,0.0,0,3.0,0.0,TRUE,0,7540713513,芝麻开门微笑,f,443.0,FALSE,-1.0,101.0,1961,穿越牛熊，坚持原创，坚持分享，共同成长,说一下大盘和二级先说一下俄罗斯和乌克兰局势消息第一据新华社消息美国白宫26日发表声明说为应对俄罗斯在乌克兰境内采取军事行动美国与欧盟委员会德国法国英国意大利加拿大领导人决定将部分俄罗斯银行排除在环球银行金融电信协会SWIFT支付系统之外 这个逼迫俄罗斯短时间会寻求 全文,"['说', '一下', '大盘', '和', '二级', '先说', '一下', '俄罗斯', '和', '乌克兰', '局势', '消息', '第一', '据', '新华社', '消息', '美国白宫', '26', '日', '发表声明', '说', '为', '应对', '俄罗斯', '在', '乌克兰', '境内', '采取', '军事行动', '美国', '与', '欧盟委员会', '德国', '法国', '英国', '意大利', '加拿大', '领导人', '决定', '将', '部分', '俄罗斯', '银行', '排除', '在', '环球', '银行', '金融', '电信', '协会', 'SWIFT', '支付', '系统', '之外', '这个', '逼迫', '俄罗斯', '短时间', '会', '寻求', '全文']",1,0.50224525
13,2022-02-27 23:22:44,Sun Feb 27 23:22:44 +0800 2022,4.74163E+15,评论员朱文晖：西方切断部分俄罗斯银行的swift，普京为何顶得住？柊行的微博视频 ,,微博视频号,FALSE,1.0,1,3.0,0.0,FALSE,0,6522566955,柊行,m,33642.0,TRUE,0.0,800.0,14.4万,热点时事分享,评论员朱文晖西方切断部分俄罗斯银行的swift普京为何顶得住柊行的微博视频,"['评论员', '朱文', '晖', '西方', '切断', '部分', '俄罗斯', '银行', '的', 'swift', '普京', '为何', '顶得住', '柊行', '的', '微博', '视频']",0,0.49211296
14,2022-02-27 23:19:56,Sun Feb 27 23:19:56 +0800 2022,4.74163E+15,我的投资历程#关注俄乌局势最新进展# 美国和欧盟、英国及加拿大等多个国家于27日宣布，禁止俄罗斯几家主要银行使用“环球银行金融电信协会”支付系统(SWIFT)。虽然此次禁用名单中只涉及部分俄罗斯银行，对俄罗斯的影响并没有人们想象的那么严重，但是必然会促使俄罗斯加快通过其他方式进行跨境 ...全文,,我的投资历程超话,FALSE,0.0,0,0.0,0.0,TRUE,0,1301672914,无二无别的你我,m,18689.0,TRUE,0.0,293.0,2032,我的盘路，我做主。,我的投资历程 美国和欧盟英国及加拿大等多个国家于27日宣布禁止俄罗斯几家主要银行使用环球银行金融电信协会支付系统SWIFT虽然此次禁用名单中只涉及部分俄罗斯银行对俄罗斯的影响并没有人们想象的那么严重但是必然会促使俄罗斯加快通过其他方式进行跨境 全文,"['我', '的', '投资', '历程', '美国', '和', '欧盟', '英国', '及', '加拿大', '等', '多个', '国家', '于', '27', '日', '宣布', '禁止', '俄罗斯', '几家', '主要', '银行', '使用', '环球', '银行', '金融', '电信', '协会', '支付', '系统', 'SWIFT', '虽然', '此次', '禁用', '名单', '中', '只', '涉及', '部分', '俄罗斯', '银行', '对', '俄罗斯', '的', '影响', '并', '没有', '人们', '想象', '的', '那么', '严重', '但是', '必然', '会', '促使', '俄罗斯', '加快', '通过', '其他', '方式', '进行', '跨境', '全文']",1,0.58425015
15,2022-02-27 23:19:04,Sun Feb 27 23:19:04 +0800 2022,4.74163E+15,#量化对冲基金#【专家称金融核弹SWIFT威力或不波及俄罗斯天然气】复旦大学金融研究院研究员董希淼表示，值得注意的是，此次美欧宣布的制裁只是将俄罗斯几家，而不是全部的金融机构踢出SWIFT系统，这可能意味着欧盟仍然保持了从俄罗斯购买天然气的支付渠道。众所周知，欧盟多数国家在能源上高度依赖俄罗 ...全文,,华为手机 畅享玩不停,FALSE,0.0,0,0.0,0.0,TRUE,0,1659280190,QuantHedgeFund,m,144163.0,TRUE,0.0,1598.0,5.5万,集团官网www.ncybank.com,专家称金融核弹SWIFT威力或不波及俄罗斯天然气复旦大学金融研究院研究员董希淼表示值得注意的是此次美欧宣布的制裁只是将俄罗斯几家而不是全部的金融机构踢出SWIFT系统这可能意味着欧盟仍然保持了从俄罗斯购买天然气的支付渠道众所周知欧盟多数国家在能源上高度依赖俄罗 全文,"['专家', '称', '金融', '核弹', 'SWIFT', '威力', '或', '不', '波及', '俄罗斯', '天然气', '复旦大学', '金融', '研究院', '研究员', '董希淼', '表示', '值得注意', '的', '是', '此次', '美欧', '宣布', '的', '制裁', '只是', '将', '俄罗斯', '几家', '而', '不是', '全部', '的', '金融机构', '踢', '出', 'SWIFT', '系统', '这', '可能', '意味着', '欧盟', '仍然', '保持', '了', '从', '俄罗斯', '购买', '天然气', '的', '支付', '渠道', '众所周知', '欧盟', '多数', '国家', '在', '能源', '上', '高度', '依赖', '俄罗', '全文']",1,0.63399106
16,2022-02-27 23:18:36,Sun Feb 27 23:18:36 +0800 2022,4.74163E+15,#战争#【周末金融核弹引爆了，官媒点名炒作，中央会议定调了！】这个周末，即便你不关心战争，也被俄乌战争局势刷屏了！欧美把俄罗斯踢出swift，目前全世界被切断只有三个：朝鲜、伊朗、俄罗斯，说是“金融核弹”并不为过！但美欧英还是留了后路，只是限制罗斯部分银行，石油天然气等能源依然可以交 ...全文,,荣耀V20 4800万3D相机,FALSE,0.0,0,0.0,0.0,TRUE,0,1449531193,刨丁解羊,m,22455.0,FALSE,-1.0,1567.0,2043,,周末金融核弹引爆了官媒点名炒作中央会议定调了这个周末即便你不关心战争也被俄乌战争局势刷屏了欧美把俄罗斯踢出swift目前全世界被切断只有三个朝鲜伊朗俄罗斯说是金融核弹并不为过但美欧英还是留了后路只是限制罗斯部分银行石油天然气等能源依然可以交 全文,"['周末', '金融', '核弹', '引爆', '了', '官媒', '点名', '炒作', '中央', '会议', '定调', '了', '这个', '周末', '即便', '你', '不', '关心', '战争', '也', '被', '俄', '乌', '战争', '局势', '刷屏', '了', '欧美', '把', '俄罗斯', '踢', '出', 'swift', '目前', '全世界', '被', '切断', '只有', '三个', '朝鲜', '伊朗', '俄罗斯', '说', '是', '金融', '核弹', '并不为过', '但美', '欧英', '还是', '留', '了', '后路', '只是', '限制', '罗斯', '部分', '银行', '石油', '天然气', '等', '能源', '依然', '可以', '交', '全文']",0,0.491087
17,2022-02-27 23:18:18,Sun Feb 27 23:18:18 +0800 2022,4.74163E+15,【#蜀黍说市#俄乌冲突与我们的股市生活】俄乌冲突又有了最新进展：美国、欧盟、英国发布对俄制裁联合声明——美国及其盟国承诺将选定的俄罗斯银行从SWIFT（环球银行金融电信协会）系统中移出；承诺对俄罗斯央行的外汇储备实施制裁。此举被称为“金融核弹”。如果俄罗斯被SWIFT拒之门外，其从石油和天 ...全文,,微博 weibo.com,FALSE,1.0,0,0.0,0.0,TRUE,0,7399555658,红星资本局,f,8777.0,TRUE,3.0,270.0,24.7万,真相创造价值,俄乌冲突与我们的股市生活俄乌冲突又有了最新进展美国欧盟英国发布对俄制裁联合声明美国及其盟国承诺将选定的俄罗斯银行从SWIFT环球银行金融电信协会系统中移出承诺对俄罗斯央行的外汇储备实施制裁此举被称为金融核弹如果俄罗斯被SWIFT拒之门外其从石油和天 全文,"['俄乌', '冲突', '与', '我们', '的', '股市', '生活', '俄乌', '冲突', '又', '有', '了', '最新进展', '美国', '欧盟', '英国', '发布', '对', '俄', '制裁', '联合声明', '美国', '及其', '盟国', '承诺', '将', '选定', '的', '俄罗斯', '银行', '从', 'SWIFT', '环球', '银行', '金融', '电信', '协会', '系统', '中', '移出', '承诺', '对', '俄罗斯', '央行', '的', '外汇储备', '实施', '制裁', '此举', '被', '称为', '金融', '核弹', '如果', '俄罗斯', '被', 'SWIFT', '拒之门外', '其', '从', '石油', '和', '天', '全文']",1,0.57031864
18,2022-02-27 23:16:30,Sun Feb 27 23:16:30 +0800 2022,4.74163E+15,#欧洲五国先后宣布对俄航班关闭领空##将俄罗斯踢出SWIFT对全球各方有何影响# 为什么还要激化矛盾，不停的拱火、激怒、挑衅，非要升级战争等级，搞成第三次世界大战，才满意么？兔子被逼急了都会咬人的，战争升级后，动用了核武，这个世界没有赢家！俄罗斯希望北约不要扩张，要有军事隔离带；美国每天就 ...全文,,iPhone 13 Pro,FALSE,0.0,0,3.0,0.0,TRUE,0,1907989254,喵了个咪的一世长安,f,1036.0,FALSE,-1.0,293.0,1万,间歇性神经病发作中~~~,为什么还要激化矛盾不停的拱火激怒挑衅非要升级战争等级搞成第三次世界大战才满意么兔子被逼急了都会咬人的战争升级后动用了核武这个世界没有赢家俄罗斯希望北约不要扩张要有军事隔离带美国每天就 全文,"['为什么', '还要', '激化矛盾', '不停', '的', '拱火', '激怒', '挑衅', '非', '要', '升级', '战争', '等级', '搞', '成', '第三次', '世界大战', '才', '满意', '么', '兔子', '被', '逼急', '了', '都', '会', '咬', '人', '的', '战争', '升级', '后', '动用', '了', '核武', '这个', '世界', '没有', '赢家', '俄罗斯', '希望', '北约', '不要', '扩张', '要', '有', '军事', '隔离带', '美国', '每天', '就', '全文']",0,0.48878542
19,2022-02-27 23:15:15,Sun Feb 27 23:15:15 +0800 2022,4.74162E+15,#凤凰新闻#【欧洲方面 暂时还离不开俄罗斯】作者：斯文的樊学长校稿：朝乾/编辑：养乐多如今西方试图把俄罗斯银行踢出SWIFT国际结算系统，给俄罗斯的金融、国际贸易致命一击。但是这类制裁“放过”了能源交易。...欧洲方面 暂时还离不开俄罗斯来自@凤凰新闻客户端 ,,凤凰新闻,FALSE,0.0,0,1.0,0.0,FALSE,0,1879147302,长老-孙,m,52073.0,TRUE,0.0,2185.0,1万,没事喜欢到处溜达,欧洲方面 暂时还离不开俄罗斯作者斯文的樊学长校稿朝乾编辑养乐多如今西方试图把俄罗斯银行踢出SWIFT国际结算系统给俄罗斯的金融国际贸易致命一击但是这类制裁放过了能源交易欧洲方面 暂时还离不开俄罗斯来自,"['欧洲', '方面', '暂时', '还', '离不开', '俄罗斯', '作者', '斯文', '的', '樊', '学长', '校稿', '朝乾', '编辑', '养乐多', '如今', '西方', '试图', '把', '俄罗斯', '银行', '踢', '出', 'SWIFT', '国际', '结算', '系统', '给', '俄罗斯', '的', '金融', '国际贸易', '致命', '一击', '但是', '这', '类', '制裁', '放过', '了', '能源', '交易', '欧洲', '方面', '暂时', '还', '离不开', '俄罗斯', '来自']",0,0.49124655
20,2022-02-27 23:12:29,Sun Feb 27 23:12:29 +0800 2022,4.74162E+15,#将俄罗斯踢出SWIFT对全球各方有何影响# 如禁令不留余地，欧洲与俄罗斯的能源交易只能去美元化，那将是美元霸权瓦解的开始。#美媒称若俄罗斯入侵乌克兰就制裁中国# 一图看懂金融“核武器”SWIFT是什么？@新浪财经 一图看懂金融“核武器”SWIFT是什么？ ,,iPhone 12,FALSE,1.0,5,7.0,0.0,FALSE,0,1660925262,郝倩在欧洲,f,5852.0,TRUE,0.0,1447.0,26.1万,欧洲都是故事 财经不缺段子,如禁令不留余地欧洲与俄罗斯的能源交易只能去美元化那将是美元霸权瓦解的开始 一图看懂金融核武器SWIFT是什么 一图看懂金融核武器SWIFT是什么,"['如', '禁令', '不留余地', '欧洲', '与', '俄罗斯', '的', '能源', '交易', '只能', '去', '美元', '化', '那', '将', '是', '美元', '霸权', '瓦解', '的', '开始', '一图', '看', '懂', '金融', '核武器', 'SWIFT', '是', '什么', '一图', '看', '懂', '金融', '核武器', 'SWIFT', '是', '什么']",1,0.5745931
21,2022-02-27 23:08:20,Sun Feb 27 23:08:20 +0800 2022,4.74162E+15,国际直球对决 2022-02-27郭正亮+雷倩:美元瓦解!SWIFT剔出俄罗斯，加速能源交易去美元化 大家直接访问论坛网址qimila.cool即可! ,,360安全浏览器,FALSE,0.0,0,2.0,0.0,FALSE,0,2923974513,旗米拉论坛,m,166126.0,FALSE,-1.0,69.0,40万,论坛微博遭静言15天，大家直接访问论坛网址qimila.cool即可，节目持续在更新,国际直球对决 20220227郭正亮雷倩美元瓦解SWIFT剔出俄罗斯加速能源交易去美元化 大家直接访问论坛网址qimilacool即可,"['国际', '直球', '对决', '20220227', '郭正亮', '雷倩', '美元', '瓦解', 'SWIFT', '剔出', '俄罗斯', '加速', '能源', '交易', '去', '美元', '化', '大家', '直接', '访问', '论坛', '网址', 'qimilacool', '即可']",1,0.54024744
22,2022-02-27 23:08:03,Sun Feb 27 23:08:03 +0800 2022,4.74162E+15,网友们都幼稚的很，你就问问小米OV，他们如果没有SWIFT，能卖一件货给俄罗斯不，这不是闹么。。。 ,,微博 weibo.com,FALSE,0.0,5,12.0,0.0,FALSE,0,6124612886,鸿蒙钊哥,m,8639.0,TRUE,0.0,331.0,20.7万,B站钊哥科普,网友们都幼稚的很你就问问小米OV他们如果没有SWIFT能卖一件货给俄罗斯不这不是闹么,"['网友', '们', '都', '幼稚', '的', '很', '你', '就', '问问', '小米', 'OV', '他们', '如果', '没有', 'SWIFT', '能卖', '一件', '货给', '俄罗斯', '不', '这', '不是', '闹', '么']",0,0.49448076
23,2022-02-27 23:07:33,Sun Feb 27 23:07:33 +0800 2022,4.74162E+15,#俄乌谈判#【#俄乌会谈一天之内为何多次反复#？直播解读！】目前，乌克兰首都基辅战况如何？#俄乌正式会谈#能否顺利开启？将俄罗斯部分银行排除出SWIFT，是否是美欧对俄发动的“金融核战”？一边不断给俄乌谈判“浇冷水”，一边加紧给乌克兰塞武器，美国操控乌克兰局势背后有哪些企图？看↓ ...全文,,微博视频号,FALSE,2.0,2,3.0,0.0,TRUE,0,1685336690,信息日报,m,70217.0,TRUE,3.0,2376.0,836.8万,经济实用 生活顾问 江西经济生活报 中国品牌媒体百强,直播解读目前乌克兰首都基辅战况如何能否顺利开启将俄罗斯部分银行排除出SWIFT是否是美欧对俄发动的金融核战一边不断给俄乌谈判浇冷水一边加紧给乌克兰塞武器美国操控乌克兰局势背后有哪些企图看 全文,"['直播', '解读', '目前', '乌克兰', '首都', '基辅', '战况', '如何', '能否', '顺利', '开启', '将', '俄罗斯', '部分', '银行', '排除', '出', 'SWIFT', '是否是', '美欧', '对', '俄', '发动', '的', '金融', '核战', '一边', '不断', '给', '俄', '乌', '谈判', '浇冷水', '一边', '加紧', '给', '乌克兰', '塞', '武器', '美国', '操控', '乌克兰', '局势', '背后', '有', '哪些', '企图', '看', '全文']",1,0.55225223
24,2022-02-27 23:03:12,Sun Feb 27 23:03:12 +0800 2022,4.74162E+15,#将俄罗斯踢出SWIFT对全球各方有何影响# 俄罗斯主要出口产品就是石油天然气和小麦，这也是对俄罗斯影响最大的领域。看下图是什么2月4号签的不得不说老普有远见呐！ ,,,FALSE,1.0,0,5.0,0.0,FALSE,0,5083704412,爱玩金融的宝爸,m,6210.0,TRUE,0.0,449.0,10.3万,,俄罗斯主要出口产品就是石油天然气和小麦这也是对俄罗斯影响最大的领域看下图是什么2月4号签的不得不说老普有远见呐,"['俄罗斯', '主要', '出口', '产品', '就是', '石油', '天然气', '和', '小麦', '这', '也', '是', '对', '俄罗斯', '影响', '最大', '的', '领域', '看', '下图', '是', '什么', '2', '月', '4', '号', '签', '的', '不得不', '说', '老普', '有远见', '呐']",1,0.61440223
25,2022-02-27 22:59:52,Sun Feb 27 22:59:52 +0800 2022,4.74162E+15,今天直播中有一个观点我提出了反对意见就是：如果美国用SWIFT制裁俄罗斯的话，不会对数字人民币产生利好。我来总结一下观点：1.数字人民币的本质就是把传统货币从纸质改为纯数字载体，其性质与人民币一样。2.数字货币所带来的好处是可以精确精准的追查资金流向，以及更加可靠的安全性，更便于管理 ...全文,,微博 weibo.com,FALSE,4.0,1,10.0,0.0,TRUE,0,1013091200,北京王飞鹏,m,13892.0,TRUE,0.0,626.0,65.2万,商务合作联系QQ同WX:14954733 添加注明意图,今天直播中有一个观点我提出了反对意见就是如果美国用SWIFT制裁俄罗斯的话不会对数字人民币产生利好我来总结一下观点1数字人民币的本质就是把传统货币从纸质改为纯数字载体其性质与人民币一样2数字货币所带来的好处是可以精确精准的追查资金流向以及更加可靠的安全性更便于管理 全文,"['今天', '直播', '中有', '一个', '观点', '我', '提出', '了', '反对', '意见', '就是', '如果', '美国', '用', 'SWIFT', '制裁', '俄罗斯', '的话', '不会', '对', '数字', '人民币', '产生', '利好', '我来', '总结', '一下', '观点', '1', '数字', '人民币', '的', '本质', '就是', '把', '传统', '货币', '从', '纸质', '改为', '纯', '数字', '载体', '其', '性质', '与', '人民币', '一样', '2', '数字', '货币', '所', '带来', '的', '好处', '是', '可以', '精确', '精准', '的', '追查', '资金', '流向', '以及', '更加', '可靠', '的', '安全性', '更', '便于管理', '全文']",1,0.5429446
26,2022-02-27 22:52:12,Sun Feb 27 22:52:12 +0800 2022,4.74162E+15,基金对俄罗斯祭出SWIFT，我们有大国重器CIPS！一方面，提升人民币结算需求，加速人民币国际化进程。下周数字货币又要涨。此前，市场预期美欧等国并不会考虑使用禁用SWIFT这一制裁工具，但周末美欧决定将选定的俄罗斯银行从SWIFT系统中移出。此举将大幅增强对俄制裁效果，但也加速人民币 ...全文,,基金超话,FALSE,0.0,0,1.0,0.0,TRUE,0,2451335774,周周船长股票基金牛股,m,23832.0,TRUE,0.0,4124.0,10.9万,周周有好股买在大牛股起涨前！ 起爆前。只做涨幅低的刚起飞大牛股。猫笔刀，招财大牛猫，牛魔王炒牛股。欢迎薇信关注搜一搜公重号：花荣价值牛,基金对俄罗斯祭出SWIFT我们有大国重器CIPS一方面提升人民币结算需求加速人民币国际化进程下周数字货币又要涨此前市场预期美欧等国并不会考虑使用禁用SWIFT这一制裁工具但周末美欧决定将选定的俄罗斯银行从SWIFT系统中移出此举将大幅增强对俄制裁效果但也加速人民币 全文,"['基金', '对', '俄罗斯', '祭出', 'SWIFT', '我们', '有', '大国', '重器', 'CIPS', '一方面', '提升', '人民币', '结算', '需求', '加速', '人民币', '国际化', '进程', '下周', '数字', '货币', '又', '要', '涨', '此前', '市场', '预期', '美欧', '等国', '并', '不会', '考虑', '使用', '禁用', 'SWIFT', '这一', '制裁', '工具', '但', '周末', '美欧', '决定', '将', '选定', '的', '俄罗斯', '银行', '从', 'SWIFT', '系统', '中', '移出', '此举', '将', '大幅', '增强', '对', '俄', '制裁', '效果', '但', '也', '加速', '人民币', '全文']",0,0.49407455
27,2022-02-27 22:51:50,Sun Feb 27 22:51:50 +0800 2022,4.74162E+15,#将俄罗斯踢出SWIFT对全球各方有何影响#如果是一般的小国家，这是灭顶之灾，但对俄罗斯这样的国家来讲，SWIFT这么干，无疑是给这个在美帝主导下已经呈现败相的国际结算业务宣布了死亡倒计时。同时，这也坚定了我们要加快开展人民币国际结算体系的建设。个人判断，中俄两国元首在冬奥会期间对会晤，可能 ...全文,,微博搜索,FALSE,0.0,0,0.0,0.0,TRUE,0,1400130800,公民深海吉普赛,m,8533.0,FALSE,-1.0,266.0,10万,一个爱国者、网路毅行者，diors的偶尔客串者、佛性油腻男的龙套，但一直努力践行中国的公民之路。,如果是一般的小国家这是灭顶之灾但对俄罗斯这样的国家来讲SWIFT这么干无疑是给这个在美帝主导下已经呈现败相的国际结算业务宣布了死亡倒计时同时这也坚定了我们要加快开展人民币国际结算体系的建设个人判断中俄两国元首在冬奥会期间对会晤可能 全文,"['如果', '是', '一般', '的', '小', '国家', '这是', '灭顶之灾', '但', '对', '俄罗斯', '这样', '的', '国家', '来讲', 'SWIFT', '这么', '干', '无疑', '是', '给', '这个', '在', '美帝', '主导', '下', '已经', '呈现', '败相', '的', '国际', '结算', '业务', '宣布', '了', '死亡', '倒计时', '同时', '这', '也', '坚定', '了', '我们', '要', '加快', '开展', '人民币', '国际', '结算', '体系', '的', '建设', '个人', '判断', '中', '俄', '两国', '元首', '在', '冬奥会', '期间', '对', '会晤', '可能', '全文']",1,0.5719114
28,2022-02-27 22:51:23,Sun Feb 27 22:51:23 +0800 2022,4.74162E+15,周日，德国总理舒尔茨宣布了一个“五点计划：包括将重要的俄罗斯银行排除在 SWIFT 之外；将向特种武装部队基金投入 1000 亿欧元（1130 亿美元），从现在起将国防开支保持在 GDP 的 2% 以上；减少对个别能源供应商进口的依赖，促进可再生能源的发展，针对高能源价格，制定相应的救济方案，包括今年取消 ...全文,,微博 weibo.com,FALSE,3.0,2,11.0,0.0,TRUE,0,1707465002,简容·,m,6837.0,TRUE,0.0,473.0,9.9万,岁月未曾饶过我 我亦未曾饶过岁月,周日德国总理舒尔茨宣布了一个五点计划包括将重要的俄罗斯银行排除在 SWIFT 之外将向特种武装部队基金投入 1000 亿欧元1130 亿美元从现在起将国防开支保持在 GDP 的 2 以上减少对个别能源供应商进口的依赖促进可再生能源的发展针对高能源价格制定相应的救济方案包括今年取消 全文,"['周日', '德国总理', '舒尔茨', '宣布', '了', '一个', '五点', '计划', '包括', '将', '重要', '的', '俄罗斯', '银行', '排除', '在', 'SWIFT', '之外', '将', '向', '特种', '武装部队', '基金', '投入', '1000', '亿', '欧元', '1130', '亿美元', '从现在起', '将', '国防', '开支', '保持', '在', 'GDP', '的', '2', '以上', '减少', '对', '个别', '能源', '供应商', '进口', '的', '依赖', '促进', '可', '再生能源', '的', '发展', '针对', '高', '能源价格', '制定', '相应', '的', '救济', '方案', '包括', '今年', '取消', '全文']",1,0.53049624
29,2022-02-27 22:50:06,Sun Feb 27 22:50:06 +0800 2022,4.74162E+15,周末新闻的热点依然在俄乌冲突上，战事趋于焦灼，短期内没有定论，但西方对于俄罗斯的打击却扑面而来。最大的新闻是：美国与欧盟、英国和加拿大发表共同声明，宣布禁止俄罗斯几家主要银行使用环球同业银行金融电讯协会（SWIFT）国际结算系统。一些国家将俄罗斯从SWIFT系统切断的工作已经开始，这一举 ...全文,,微博 weibo.com,FALSE,0.0,0,3.0,0.0,TRUE,0,1311149603,中方信富陶冶,m,24974.0,TRUE,0.0,248.0,5万,市场中的资金都是逐利的，感受主流资金的方向,周末新闻的热点依然在俄乌冲突上战事趋于焦灼短期内没有定论但西方对于俄罗斯的打击却扑面而来最大的新闻是美国与欧盟英国和加拿大发表共同声明宣布禁止俄罗斯几家主要银行使用环球同业银行金融电讯协会SWIFT国际结算系统一些国家将俄罗斯从SWIFT系统切断的工作已经开始这一举 全文,"['周末', '新闻', '的', '热点', '依然', '在', '俄', '乌', '冲突', '上', '战事', '趋于', '焦灼', '短期内', '没有', '定论', '但', '西方', '对于', '俄罗斯', '的', '打击', '却', '扑面而来', '最大', '的', '新闻', '是', '美国', '与', '欧盟', '英国', '和', '加拿大', '发表', '共同声明', '宣布', '禁止', '俄罗斯', '几家', '主要', '银行', '使用', '环球', '同业', '银行', '金融', '电讯', '协会', 'SWIFT', '国际', '结算', '系统', '一些', '国家', '将', '俄罗斯', '从', 'SWIFT', '系统', '切断', '的', '工作', '已经', '开始', '这', '一举', '全文']",0,0.49539948
30,2022-02-27 22:48:40,Sun Feb 27 22:48:40 +0800 2022,4.74162E+15,俄罗斯被踢出SWIFT，美欧金融核弹会吓退普京么？世界经济会受哪些影响？#俄乌战争##为什么实施swift禁令会很严重# 北京 李光斗的微博视频 ,,iPhone客户端,FALSE,1.0,0,2.0,0.0,FALSE,0,1211397734,李光斗,m,13875.0,TRUE,0.0,2514.0,86.2万,商人看我是文人 文人看我是商人 你看我？,俄罗斯被踢出SWIFT美欧金融核弹会吓退普京么世界经济会受哪些影响 北京 李光斗的微博视频,"['俄罗斯', '被', '踢', '出', 'SWIFT', '美欧', '金融', '核弹', '会', '吓退', '普京', '么', '世界', '经济', '会受', '哪些', '影响', '北京', '李', '光斗', '的', '微博', '视频']",0,0.49858117
31,2022-02-27 22:46:36,Sun Feb 27 22:46:36 +0800 2022,4.74162E+15,以下内容转述自北大经济学教授 曹和平：把俄罗斯剔除出国际支付体系，美国的损失比俄罗斯更大（1）如果美国把俄罗斯踢出swift国际汇兑体系，俄罗斯还有欧洲支付体系和中国等双边国家支付体系可用。俄罗斯人经过仔细测算，这一制裁并不致命。（2）美国人把俄罗斯踢出国际支付体系，将使美元损失一个整 ...全文,,微博 weibo.com,FALSE,0.0,0,0.0,0.0,TRUE,0,2230415740,我是星座专家,m,52245.0,FALSE,-1.0,988.0,8171,今天你所承受的所有痛苦，都将成为未来幸福的缘由,以下内容转述自北大经济学教授 曹和平把俄罗斯剔除出国际支付体系美国的损失比俄罗斯更大1如果美国把俄罗斯踢出swift国际汇兑体系俄罗斯还有欧洲支付体系和中国等双边国家支付体系可用俄罗斯人经过仔细测算这一制裁并不致命2美国人把俄罗斯踢出国际支付体系将使美元损失一个整 全文,"['以下内容', '转述', '自', '北大', '经济学', '教授', '曹', '和平', '把', '俄罗斯', '剔除', '出', '国际', '支付', '体系', '美国', '的', '损失', '比', '俄罗斯', '更大', '1', '如果', '美国', '把', '俄罗斯', '踢', '出', 'swift', '国际', '汇兑', '体系', '俄罗斯', '还有', '欧洲', '支付', '体系', '和', '中国', '等', '双边', '国家', '支付', '体系', '可用', '俄罗斯', '人', '经过', '仔细', '测算', '这一', '制裁', '并', '不', '致命', '2', '美国', '人', '把', '俄罗斯', '踢', '出', '国际', '支付', '体系', '将', '使', '美元', '损失', '一个整', '全文']",1,0.5058045
32,2022-02-27 22:43:41,Sun Feb 27 22:43:41 +0800 2022,4.74162E+15,#美国与欧盟禁止俄罗斯使用SWIFT##被禁用SWIFT对俄罗斯意味着什么#国际制裁又会对俄罗斯经济造成怎样的影响呢？咱先说这美欧对俄罗斯的制裁到底都有啥？欧盟呢说削弱俄罗斯的经济基础和现代化能力，具体的做法呢，就是要将俄罗斯啊从这Swift国际支付系统中踢出去，并且禁止俄罗斯使用美元结算，同时还 ...全文,,晓东同学的HarmonyOS设备,FALSE,0.0,0,1.0,0.0,TRUE,0,5383365538,晓东同学LoseWeight,m,3009.0,TRUE,0.0,856.0,2352,玻璃晴朗，橘子辉煌,国际制裁又会对俄罗斯经济造成怎样的影响呢咱先说这美欧对俄罗斯的制裁到底都有啥欧盟呢说削弱俄罗斯的经济基础和现代化能力具体的做法呢就是要将俄罗斯啊从这Swift国际支付系统中踢出去并且禁止俄罗斯使用美元结算同时还 全文,"['国际制裁', '又', '会', '对', '俄罗斯', '经济', '造成', '怎样', '的', '影响', '呢', '咱先', '说', '这美欧', '对', '俄罗斯', '的', '制裁', '到底', '都', '有', '啥', '欧盟', '呢', '说', '削弱', '俄罗斯', '的', '经济基础', '和', '现代化', '能力', '具体', '的', '做法', '呢', '就是', '要', '将', '俄罗斯', '啊', '从', '这', 'Swift', '国际', '支付', '系统', '中', '踢出去', '并且', '禁止', '俄罗斯', '使用', '美元', '结算', '同时', '还', '全文']",1,0.571839
33,2022-02-27 22:41:15,Sun Feb 27 22:41:15 +0800 2022,4.74162E+15,#将俄罗斯踢出SWIFT对全球各方有何影响# 美国那边准备禁止俄罗斯使用Swift支付系统，利好相关金融IT和数字货币的概念。外媒报道是把部分俄罗斯银行踢出这个结算系统，也就是留了一些下来，我想这些留下来的很可能是欧洲用来买俄罗斯天然气的。这个是目前为止全世界最安全、最便捷、最重要的跨境支付系 ...全文,,360安全浏览器,FALSE,0.0,1,2.0,0.0,TRUE,0,3284159075,红8000,m,2146.0,FALSE,-1.0,153.0,1543,谈谈期货，谈谈股票。,美国那边准备禁止俄罗斯使用Swift支付系统利好相关金融IT和数字货币的概念外媒报道是把部分俄罗斯银行踢出这个结算系统也就是留了一些下来我想这些留下来的很可能是欧洲用来买俄罗斯天然气的这个是目前为止全世界最安全最便捷最重要的跨境支付系 全文,"['美国', '那边', '准备', '禁止', '俄罗斯', '使用', 'Swift', '支付', '系统', '利好', '相关', '金融', 'IT', '和', '数字', '货币', '的', '概念', '外媒', '报道', '是', '把', '部分', '俄罗斯', '银行', '踢', '出', '这个', '结算', '系统', '也', '就是', '留', '了', '一些', '下来', '我', '想', '这些', '留下来', '的', '很', '可能', '是', '欧洲', '用来', '买', '俄罗斯', '天然气', '的', '这个', '是', '目前为止', '全世界', '最', '安全', '最', '便捷', '最', '重要', '的', '跨境', '支付', '系', '全文']",1,0.57310146
34,2022-02-27 22:38:32,Sun Feb 27 22:38:32 +0800 2022,4.74162E+15,俄罗斯被踢出SWIFT系统，等于在全世界范围内，判了俄罗斯经济的死刑。你让俄罗斯普通老百姓没活路了呀。 因为你被孤立了。整个地球村，你要被大家孤立，这其实是一件相当可怕的事情。 但欧美也没下死手，还是留有余地的。听我继续讲这个SWIFT系统。 中国共有4700家银行。 但中国的工商银行，建行 ...全文,,搜狗高速浏览器,FALSE,4.0,2,19.0,0.0,TRUE,0,2067755971,满满涨,m,7834.0,TRUE,0.0,299.0,71万,射人先射马，炒股追龙头！,俄罗斯被踢出SWIFT系统等于在全世界范围内判了俄罗斯经济的死刑你让俄罗斯普通老百姓没活路了呀 因为你被孤立了整个地球村你要被大家孤立这其实是一件相当可怕的事情 但欧美也没下死手还是留有余地的听我继续讲这个SWIFT系统 中国共有4700家银行 但中国的工商银行建行 全文,"['俄罗斯', '被', '踢', '出', 'SWIFT', '系统', '等于', '在', '全世界', '范围', '内判', '了', '俄罗斯', '经济', '的', '死刑', '你', '让', '俄罗斯', '普通', '老百姓', '没', '活路', '了', '呀', '因为', '你', '被', '孤立', '了', '整个', '地球村', '你', '要', '被', '大家', '孤立', '这', '其实', '是', '一件', '相当', '可怕', '的', '事情', '但', '欧美', '也', '没下', '死手', '还是', '留有余地', '的', '听', '我', '继续', '讲', '这个', 'SWIFT', '系统', '中国', '共有', '4700', '家', '银行', '但', '中国', '的', '工商银行', '建行', '全文']",1,0.5234675
35,2022-02-27 22:33:22,Sun Feb 27 22:33:22 +0800 2022,4.74161E+15,俄罗斯部分银行被剔除SWIFT国际银行结算体系，应该在俄罗斯的预料之内，他们的底气除了能源出口的特殊性之外，很重要的一点是有别的结算方式可以替代。在这方面伊朗作为“先行者”很有发言权，中石油有一家金融机构叫昆仑银行，专精国际能源的人民币结算，伊朗这种情况正中下怀，当然昆仑银行也因此 ...全文,,HUAWEI Mate 9,FALSE,0.0,0,0.0,0.0,TRUE,0,2642518921,闻香识人见天地,m,113.0,FALSE,-1.0,223.0,15,用理性温暖世界，用感性拥抱内心,俄罗斯部分银行被剔除SWIFT国际银行结算体系应该在俄罗斯的预料之内他们的底气除了能源出口的特殊性之外很重要的一点是有别的结算方式可以替代在这方面伊朗作为先行者很有发言权中石油有一家金融机构叫昆仑银行专精国际能源的人民币结算伊朗这种情况正中下怀当然昆仑银行也因此 全文,"['俄罗斯', '部分', '银行', '被', '剔除', 'SWIFT', '国际', '银行', '结算', '体系', '应该', '在', '俄罗斯', '的', '预料', '之内', '他们', '的', '底气', '除了', '能源', '出口', '的', '特殊性', '之外', '很', '重要', '的', '一点', '是', '有', '别的', '结算', '方式', '可以', '替代', '在', '这方面', '伊朗', '作为', '先行者', '很', '有', '发言权', '中', '石油', '有', '一家', '金融机构', '叫', '昆仑', '银行', '专精', '国际', '能源', '的', '人民币', '结算', '伊朗', '这种', '情况', '正中下怀', '当然', '昆仑', '银行', '也', '因此', '全文']",0,0.43760747
36,2022-02-27 22:33:18,Sun Feb 27 22:33:18 +0800 2022,4.74161E+15,【#美欧宣布禁止俄罗斯使用SWIFT#】当地时间26日深夜，美国、英国、欧洲和加拿大发表联合声明，宣布对俄最新制裁：禁止俄使用SWIFT（“环球银行金融电信协会”支付系统），限制俄罗斯央行的国际储备。这些制裁措施将在未来几天开始实施。为何此举被称为“向俄罗斯丢下‘金融核弹’”？#SWIFT是什么#？ ...全文,,iPhone客户端,FALSE,0.0,0,0.0,0.0,TRUE,0,2154874024,六安人六安事,f,10058.0,TRUE,0.0,375.0,9.5万,一起分享六安最新资讯、潮流情报、美食攻略，全方位解读一个不一样的六安！欢迎私信投稿。互粉请私信！,当地时间26日深夜美国英国欧洲和加拿大发表联合声明宣布对俄最新制裁禁止俄使用SWIFT环球银行金融电信协会支付系统限制俄罗斯央行的国际储备这些制裁措施将在未来几天开始实施为何此举被称为向俄罗斯丢下金融核弹 全文,"['当地', '时间', '26', '日', '深夜', '美国', '英国', '欧洲', '和', '加拿大', '发表', '联合声明', '宣布', '对', '俄', '最新', '制裁', '禁止', '俄', '使用', 'SWIFT', '环球', '银行', '金融', '电信', '协会', '支付', '系统', '限制', '俄罗斯', '央行', '的', '国际', '储备', '这些', '制裁', '措施', '将', '在', '未来', '几天', '开始', '实施', '为何', '此举', '被', '称为', '向', '俄罗斯', '丢下', '金融', '核弹', '全文']",1,0.5750572
37,2022-02-27 22:32:09,Sun Feb 27 22:32:09 +0800 2022,4.74161E+15,禁掉俄罗斯的 Swift 接入，其实也是给像中国 CIPS 之类支付系统的一次机会，搞不好是有机会撼动美元霸主地位的（指走向多元 ,,iPad Pro,FALSE,1.0,26,57.0,0.0,FALSE,0,1695936437,布鲁卡,m,26161.0,TRUE,0.0,2794.0,186.5万,汪，合作：buluka360@gmail.com,禁掉俄罗斯的 Swift 接入其实也是给像中国 CIPS 之类支付系统的一次机会搞不好是有机会撼动美元霸主地位的指走向多元,"['禁掉', '俄罗斯', '的', 'Swift', '接入', '其实', '也', '是', '给', '像', '中国', 'CIPS', '之类', '支付', '系统', '的', '一次', '机会', '搞不好', '是', '有', '机会', '撼动', '美元', '霸主', '地位', '的', '指', '走向', '多元']",0,0.46140003
38,2022-02-27 22:30:11,Sun Feb 27 22:30:11 +0800 2022,4.74161E+15,今日A股目前“环球银行金融电信协会”系统拥有约1.1万成员，其中包括近300家俄罗斯银行。如果这些俄罗斯银行被移除出这一系统，占俄罗斯财政总收入40%以上的石油和天然气出口收益将被切断，其经济会立即受到重大影响，包括本国货币大幅波动，以及大量资本的外逃。把俄罗斯逐出SWIFT系统将是 ...全文,,今日A股超话,FALSE,0.0,0,1.0,0.0,TRUE,0,1031576994,灵熙518,f,1013.0,TRUE,0.0,852.0,55.7万,具有丰富的股票期货投资经验，股票期货金融投资人,今日A股目前环球银行金融电信协会系统拥有约11万成员其中包括近300家俄罗斯银行如果这些俄罗斯银行被移除出这一系统占俄罗斯财政总收入40以上的石油和天然气出口收益将被切断其经济会立即受到重大影响包括本国货币大幅波动以及大量资本的外逃把俄罗斯逐出SWIFT系统将是 全文,"['今日', 'A股', '目前', '环球', '银行', '金融', '电信', '协会', '系统', '拥有', '约', '11', '万', '成员', '其中', '包括', '近', '300', '家', '俄罗斯', '银行', '如果', '这些', '俄罗斯', '银行', '被', '移除', '出', '这', '一', '系统', '占', '俄罗斯', '财政', '总收入', '40', '以上', '的', '石油', '和', '天然气', '出口', '收益', '将', '被', '切断', '其', '经济', '会', '立即', '受到', '重大', '影响', '包括', '本国货币', '大幅', '波动', '以及', '大量', '资本', '的', '外逃', '把', '俄罗斯', '逐出', 'SWIFT', '系统', '将', '是', '全文']",1,0.5241691
39,2022-02-27 22:28:09,Sun Feb 27 22:28:09 +0800 2022,4.74161E+15,以大熊为代表的一群傻子，只知道分析SWIFT断连对俄罗斯出口的影响，却彻底没看到对俄罗斯进口的影响。不出意料的话，俄罗斯很快会遭遇非常严重的物资短缺，国内老百姓生活会受到很大影响。有人说中国给供货，但中国供货也得通过SWIFT收钱啊。。。实际点，咱还是别说啥CIPS的吧，现在顶不上。 ,,微博 weibo.com,FALSE,3.0,48,39.0,0.0,FALSE,0,6124612886,鸿蒙钊哥,m,8639.0,TRUE,0.0,331.0,20.7万,B站钊哥科普,以大熊为代表的一群傻子只知道分析SWIFT断连对俄罗斯出口的影响却彻底没看到对俄罗斯进口的影响不出意料的话俄罗斯很快会遭遇非常严重的物资短缺国内老百姓生活会受到很大影响有人说中国给供货但中国供货也得通过SWIFT收钱啊实际点咱还是别说啥CIPS的吧现在顶不上,"['以', '大熊', '为', '代表', '的', '一群', '傻子', '只', '知道', '分析', 'SWIFT', '断', '连', '对', '俄罗斯', '出口', '的', '影响', '却', '彻底', '没', '看到', '对', '俄罗斯', '进口', '的', '影响', '不', '出', '意料', '的话', '俄罗斯', '很快', '会', '遭遇', '非常', '严重', '的', '物资', '短缺', '国内', '老百姓', '生活', '会', '受到', '很大', '影响', '有人', '说', '中国', '给', '供货', '但', '中国', '供货', '也', '得', '通过', 'SWIFT', '收钱', '啊', '实际', '点', '咱', '还是', '别说', '啥', 'CIPS', '的', '吧', '现在', '顶不上']",1,0.5532753
40,2022-02-27 22:22:55,Sun Feb 27 22:22:55 +0800 2022,4.74161E+15,【#西方为何突然对俄放出金融核弹#？】在俄军迫近基辅之际，欧美终于放出“大招”，美加、法德意英等联合声明，将俄罗斯银行从SWIFT剔除。就在48小时之前，美国和欧盟的态度还并非如此。拜登曾说“这不是欧洲国家希望的立场”，而欧盟内部也存在明显分歧。为何西方对俄的态度转变如此之快？制裁的升级 ...全文,,微博 weibo.com,FALSE,34.0,124,1210.0,0.0,TRUE,0,1618051664,头条新闻,f,228259.0,TRUE,3.0,1701.0,1亿,每日播报全球各类重要资讯、突发新闻，全天24小时即时发布。欢迎报料、投稿，请发私信或者邮件：xlttnews@vip.sina.com。,在俄军迫近基辅之际欧美终于放出大招美加法德意英等联合声明将俄罗斯银行从SWIFT剔除就在48小时之前美国和欧盟的态度还并非如此拜登曾说这不是欧洲国家希望的立场而欧盟内部也存在明显分歧为何西方对俄的态度转变如此之快制裁的升级 全文,"['在', '俄军', '迫近', '基辅', '之际', '欧美', '终于', '放出', '大招', '美加', '法德意', '英等', '联合声明', '将', '俄罗斯', '银行', '从', 'SWIFT', '剔除', '就', '在', '48', '小时', '之前', '美国', '和', '欧盟', '的', '态度', '还', '并非如此', '拜登', '曾', '说', '这', '不是', '欧洲', '国家', '希望', '的', '立场', '而', '欧盟', '内部', '也', '存在', '明显', '分歧', '为何', '西方', '对', '俄', '的', '态度', '转变', '如此', '之快', '制裁', '的', '升级', '全文']",1,0.50230145
41,2022-02-27 22:18:47,Sun Feb 27 22:18:47 +0800 2022,4.74161E+15,日本首相岸田文雄表示支持西方国家切断俄罗斯银行接入SWIFT支付系统的决定，同时日本将对俄罗斯总统普京实施制裁，并向乌克兰提供1亿美元的紧急人道主义援助。 ,,微博 weibo.com,FALSE,1.0,11,19.0,0.0,FALSE,0,2772800360,洱海弥,m,27610.0,TRUE,0.0,235.0,53.6万,全球视野 重仓中国,日本首相岸田文雄表示支持西方国家切断俄罗斯银行接入SWIFT支付系统的决定同时日本将对俄罗斯总统普京实施制裁并向乌克兰提供1亿美元的紧急人道主义援助,"['日本首相', '岸田文雄', '表示', '支持', '西方', '国家', '切断', '俄罗斯', '银行', '接入', 'SWIFT', '支付', '系统', '的', '决定', '同时', '日本', '将', '对', '俄罗斯', '总统', '普京', '实施', '制裁', '并', '向', '乌克兰', '提供', '1', '亿美元', '的', '紧急', '人道主义', '援助']",0,0.45210755
43,2022-02-27 22:14:03,Sun Feb 27 22:14:03 +0800 2022,4.74161E+15,#关注俄乌局势最新进展##拜登说制裁俄罗斯或发动第三次世界大战# 美国总统拜登在接受自媒体人Brian Tyler Cohen采访中称有两个选项，“第一是发动第三次世界大战，和俄罗斯直接打仗。或者让这种严重违反国际法的国家付出应有的代价。”当地时间26日深夜，#美欧宣布禁止俄罗斯使用SWIFT#（“环球银行金 ...全文,,钱辉_医学美容超话,FALSE,4.0,5,21.0,0.0,TRUE,0,1402038067,钱辉_医学美容,m,14024.0,TRUE,0.0,905.0,83.4万,复旦大学附属华山医院皮肤科，医学博士，非公医协皮肤专委会常委、皮肤年轻化学组主委、CDA皮肤激光和理疗专业委员，擅长医学美容（激光、注射等）,美国总统拜登在接受自媒体人Brian Tyler Cohen采访中称有两个选项第一是发动第三次世界大战和俄罗斯直接打仗或者让这种严重违反国际法的国家付出应有的代价当地时间26日深夜环球银行金 全文,"['美国', '总统', '拜登', '在', '接受', '自', '媒体', '人', 'Brian', 'Tyler', 'Cohen', '采访', '中称', '有', '两个', '选项', '第一', '是', '发动', '第三次', '世界大战', '和', '俄罗斯', '直接', '打仗', '或者', '让', '这种', '严重', '违反', '国际法', '的', '国家', '付出', '应有', '的', '代价', '当地', '时间', '26', '日', '深夜', '环球', '银行', '金', '全文']",0,0.4435817
44,2022-02-27 22:13:30,Sun Feb 27 22:13:30 +0800 2022,4.74161E+15,SWIFT大招！美欧向俄罗斯投的“金融核弹”。来看看这张图，你就会明白！#将俄罗斯踢出swift对全球各方有何影响# ,,360安全浏览器,FALSE,2.0,2,7.0,0.0,FALSE,0,5877974755,股市论金,m,18979.0,TRUE,0.0,7339.0,41.7万,不要质疑你的付出，这些都会一种累积一种沉淀，它们会默默铺路，只为让你成为更优秀的人。,SWIFT大招美欧向俄罗斯投的金融核弹来看看这张图你就会明白,"['SWIFT', '大招', '美欧', '向', '俄罗斯', '投', '的', '金融', '核弹', '来', '看看', '这', '张图', '你', '就', '会', '明白']",1,0.5625402
45,2022-02-27 22:13:17,Sun Feb 27 22:13:17 +0800 2022,4.74161E+15,#将俄罗斯踢出SWIFT对全球各方有何影响#？金融核弹SWIFT威力有多大？听M+Lady《瑶钱术》主理人@宁瑶Lois 的分析,,微博 HTML5 版,FALSE,21.0,10,36.0,0.0,FALSE,0,1638782947,新浪财经,m,288641.0,TRUE,3.0,2716.0,2409.9万,新浪财经提供7*24财经资讯及全球市场报价，覆盖股票、期货等多种面向个人和企业服务，主打产品:新浪财经APP，为全球华人首选财经APP，大数据诊股开放体验中，名家高手在线答疑，A股、美股、港股、期货、外汇所有行情尽在掌握。,金融核弹SWIFT威力有多大听MLady瑶钱术主理人 的分析,"['金融', '核弹', 'SWIFT', '威力', '有', '多', '大', '听', 'MLady', '瑶钱术', '主理', '人', '的', '分析']",1,0.51401263
46,2022-02-27 22:13:15,Sun Feb 27 22:13:15 +0800 2022,4.74161E+15,日本首相岸田文雄：作为制裁手段，日本政府已决定对包括普京在内的俄罗斯政府官员进行资产冻结。同时，应美国和欧洲国家的要求，日本也加入将多家俄罗斯银行排除在SWIFT系统之外的行动。 . ,,Android,FALSE,4.0,2,10.0,0.0,FALSE,0,5323216117,mj微风,m,63542.0,TRUE,0.0,2459.0,27.2万,搬运工一枚，欢迎投稿及关注同名抖音、快手,日本首相岸田文雄作为制裁手段日本政府已决定对包括普京在内的俄罗斯政府官员进行资产冻结同时应美国和欧洲国家的要求日本也加入将多家俄罗斯银行排除在SWIFT系统之外的行动,"['日本首相', '岸田文雄', '作为', '制裁', '手段', '日本政府', '已', '决定', '对', '包括', '普京', '在内', '的', '俄罗斯政府', '官员', '进行', '资产', '冻结', '同时', '应', '美国', '和', '欧洲', '国家', '的', '要求', '日本', '也', '加入', '将', '多家', '俄罗斯', '银行', '排除', '在', 'SWIFT', '系统', '之外', '的', '行动']",0,0.48835766
47,2022-02-27 22:11:13,Sun Feb 27 22:11:13 +0800 2022,4.74161E+15,【#美欧将部分俄银行排除出SWIFT# #金融核弹能否伤到俄罗斯#？】在反复犹豫之后，美欧终于发表联合声明，使出所谓的“杀手锏”，宣布禁止俄罗斯使用环球同业银行金融电讯协会系统，也就是俗称的SWIFT，制裁措施将在未来几天落地。目前，SWIFT里面包括了近300家俄罗斯银行，它们一旦被移出系统，俄方一 ...全文,,微博视频号,FALSE,0.0,0,3.0,0.0,TRUE,0,6268375888,看看新闻全球眼,m,15869.0,TRUE,3.0,64.0,91.9万,,在反复犹豫之后美欧终于发表联合声明使出所谓的杀手锏宣布禁止俄罗斯使用环球同业银行金融电讯协会系统也就是俗称的SWIFT制裁措施将在未来几天落地目前SWIFT里面包括了近300家俄罗斯银行它们一旦被移出系统俄方一 全文,"['在', '反复', '犹豫', '之后', '美欧', '终于', '发表', '联合声明', '使出', '所谓', '的', '杀手锏', '宣布', '禁止', '俄罗斯', '使用', '环球', '同业', '银行', '金融', '电讯', '协会', '系统', '也', '就是', '俗称', '的', 'SWIFT', '制裁', '措施', '将', '在', '未来', '几天', '落地', '目前', 'SWIFT', '里面', '包括', '了', '近', '300', '家', '俄罗斯', '银行', '它们', '一旦', '被', '移出', '系统', '俄方', '一', '全文']",1,0.56343937
48,2022-02-27 22:08:04,Sun Feb 27 22:08:04 +0800 2022,4.74161E+15,【美国、英国、欧洲、加拿大、日本将阻止俄罗斯接入SWIFT系统 】路透纽约2月27日 - 美国、英国、欧洲、加拿大、日本周六都表示要采取行动，阻止俄罗斯接入SWIFT国际支付系统，作为对俄罗斯新一轮制裁的部分举措，此前俄罗斯继续对乌克兰发动攻击。SWIFT是世界上主要的国际支付网络。以下是分析师观点 ...全文,,轻断食中的iPhone客户端,FALSE,0.0,0,3.0,0.0,TRUE,0,1447253995,ETF摇钱树,f,4152.0,TRUE,0.0,1005.0,8.4万,轻断食中～～,美国英国欧洲加拿大日本将阻止俄罗斯接入SWIFT系统 路透纽约2月27日 美国英国欧洲加拿大日本周六都表示要采取行动阻止俄罗斯接入SWIFT国际支付系统作为对俄罗斯新一轮制裁的部分举措此前俄罗斯继续对乌克兰发动攻击SWIFT是世界上主要的国际支付网络以下是分析师观点 全文,"['美国', '英国', '欧洲', '加拿大', '日本', '将', '阻止', '俄罗斯', '接入', 'SWIFT', '系统', '路透', '纽约', '2', '月', '27', '日', '美国', '英国', '欧洲', '加拿大', '日本', '周六', '都', '表示', '要', '采取行动', '阻止', '俄罗斯', '接入', 'SWIFT', '国际', '支付', '系统', '作为', '对', '俄罗斯', '新一轮', '制裁', '的', '部分', '举措', '此前', '俄罗斯', '继续', '对', '乌克兰', '发动', '攻击', 'SWIFT', '是', '世界', '上', '主要', '的', '国际', '支付', '网络', '以下', '是', '分析师', '观点', '全文']",1,0.53161484
49,2022-02-27 22:06:37,Sun Feb 27 22:06:37 +0800 2022,4.74161E+15,#普京向以总理证实俄准备与乌对话#刚看到新闻swift拒绝俄罗斯三百多家银行（好像是这么说的）然后教授分析了一下 真的恐怖 等于是切断了对外贸易 就算内部外汇储备再多也没用 ,,iPhone客户端,FALSE,0.0,0,6.0,0.0,FALSE,0,1833006982,糯米团蘸糖_,f,22523.0,FALSE,-1.0,513.0,522,平稳且努力地度过我的24岁💰 “如果常常犹豫我能超车吗？那就太晚了。”——521号林孝埈,刚看到新闻swift拒绝俄罗斯三百多家银行好像是这么说的然后教授分析了一下 真的恐怖 等于是切断了对外贸易 就算内部外汇储备再多也没用,"['刚', '看到', '新闻', 'swift', '拒绝', '俄罗斯', '三百多', '家', '银行', '好像', '是', '这么', '说', '的', '然后', '教授', '分析', '了', '一下', '真的', '恐怖', '等', '于是', '切断', '了', '对外贸易', '就算', '内部', '外汇储备', '再', '多', '也', '没用']",1,0.50857186
50,2022-02-27 22:04:57,Sun Feb 27 22:04:57 +0800 2022,4.74161E+15,俄罗斯被移出swift国际结算系统.利好中国主导的CIPS跨境支付 ，数字人民币.未雨绸缪，其实中国早对老美的毒招有应对方案了，虽然现在还不成熟.目前进入5浪下跌阶段，大的下跌没有了.个股还比较活跃，但国际形势动荡不安+老美加息未落地，缺乏稳定持续上涨的客观条件.所以，哥建议现阶段还是观望为宜，目前 ...全文,,微博 weibo.com,FALSE,0.0,3,8.0,0.0,TRUE,0,5276125796,云南516,m,9727.0,FALSE,-1.0,11.0,1541,行情总在绝望中诞生，在半信半疑中成长，在憧憬中成熟，在疯狂中毁灭!,俄罗斯被移出swift国际结算系统利好中国主导的CIPS跨境支付 数字人民币未雨绸缪其实中国早对老美的毒招有应对方案了虽然现在还不成熟目前进入5浪下跌阶段大的下跌没有了个股还比较活跃但国际形势动荡不安老美加息未落地缺乏稳定持续上涨的客观条件所以哥建议现阶段还是观望为宜目前 全文,"['俄罗斯', '被', '移出', 'swift', '国际', '结算', '系统', '利好', '中国', '主导', '的', 'CIPS', '跨境', '支付', '数字', '人民币', '未雨绸缪', '其实', '中国', '早', '对', '老', '美的', '毒招', '有', '应对', '方案', '了', '虽然', '现在', '还', '不', '成熟', '目前', '进入', '5', '浪', '下跌', '阶段', '大', '的', '下跌', '没有', '了', '个股', '还', '比较', '活跃', '但', '国际形势', '动荡不安', '老', '美', '加息', '未', '落地', '缺乏', '稳定', '持续', '上涨', '的', '客观条件', '所以', '哥', '建议', '现阶段', '还是', '观望', '为宜', '目前', '全文']",0,0.46722648
